"SESSO","PAR","ANASCI","STACIV","IREG","ANNO","ID","STUDIO","NASCREG"
1,1,20,3,10,2016,"173_1",4,10
2,1,6,4,16,2016,"633_2",2,16
2,1,4,4,5,2016,"923_2",2,5
2,2,3,1,10,2016,"1367_2",1,10
1,1,19,1,9,2016,"1763_1",2,9
2,2,26,1,9,2016,"1763_2",2,9
1,1,25,2,16,2016,"1946_3",4,16
1,1,21,1,5,2016,"2886_1",4,5
2,2,24,1,5,2016,"2886_2",5,5
1,3,48,2,5,2016,"2886_3",4,5
2,1,26,2,8,2016,"3717_1",4,8
2,1,30,3,19,2016,"5416_2",2,13
2,3,50,2,19,2016,"5416_6",4,19
2,3,62,2,19,2016,"5416_5",3,19
1,3,52,2,19,2016,"5416_7",3,19
2,4,78,2,19,2016,"5416_8",1,19
1,1,22,1,20,2016,"7886_1",4,20
2,2,25,1,20,2016,"7886_2",4,20
2,1,20,1,9,2016,"11972_2",2,8
1,2,10,1,9,2016,"11972_1",2,8
1,1,32,1,16,2016,"20297_1",3,16
2,1,17,1,15,2016,"20711_2",3,15
1,2,16,1,15,2016,"20711_1",2,15
1,1,30,1,7,2016,"22099_1",3,7
2,2,34,1,7,2016,"22099_2",2,7
2,1,16,1,7,2016,"22169_2",2,7
1,2,9,1,7,2016,"22169_1",2,7
1,1,10,1,7,2016,"22173_1",2,7
2,2,7,1,7,2016,"22173_2",2,7
2,3,46,3,7,2016,"22173_6",4,7
2,4,78,2,7,2016,"22173_7",1,7
2,1,7,4,16,2016,"22208_2",2,16
1,1,21,2,19,2016,"22276_3",4,19
1,1,22,1,19,2016,"22286_1",3,19
2,2,28,1,19,2016,"22286_2",3,19
1,1,29,1,7,2016,"22624_1",2,7
2,2,33,1,7,2016,"22624_2",3,7
2,3,66,2,7,2016,"22624_6",4,7
2,3,68,2,7,2016,"22624_7",4,7
2,1,23,1,8,2016,"22657_1",5,8
1,2,18,1,8,2016,"22657_3",4,8
1,1,6,1,1,2016,"22996_1",4,1
2,2,14,1,1,2016,"22996_2",3,1
1,1,14,1,17,2016,"23370_1",3,17
2,2,14,1,17,2016,"23370_2",3,17
2,1,9,2,16,2016,"23490_2",4,16
1,1,27,1,7,2016,"23797_1",3,7
2,2,30,1,7,2016,"23797_2",2,7
2,1,8,4,8,2016,"23821_2",2,8
2,3,40,2,8,2016,"23821_4",3,8
2,1,9,4,8,2016,"23823_2",2,8
2,3,43,2,8,2016,"23823_3",4,8
1,1,20,1,15,2016,"24147_1",5,15
2,2,30,1,15,2016,"24147_2",4,15
1,1,24,1,19,2016,"24194_1",2,19
2,2,32,1,19,2016,"24194_2",3,19
1,3,55,2,19,2016,"24194_3",4,19
2,3,61,2,19,2016,"24194_4",4,19
2,1,21,4,5,2016,"24382_2",2,5
1,1,11,1,19,2016,"24616_1",2,19
2,2,16,1,19,2016,"24616_2",2,19
2,1,38,1,9,2016,"24764_2",3,7
1,2,35,1,9,2016,"24764_1",3,9
2,3,67,2,9,2016,"24764_3",4,8
2,3,69,2,9,2016,"24764_4",3,8
2,1,11,1,8,2016,"24809_2",2,8
1,2,3,1,8,2016,"24809_1",2,8
1,1,29,1,3,2016,"24853_1",3,8
2,2,34,1,3,2016,"24853_2",4,8
2,1,6,4,11,2016,"25007_2",4,11
2,1,10,4,18,2016,"26349_2",2,18
2,1,10,4,11,2016,"27114_2",2,11
2,1,12,4,11,2016,"27116_2",3,11
1,1,32,1,11,2016,"27157_1",4,11
2,2,35,1,11,2016,"27157_2",4,11
2,3,61,2,11,2016,"27157_3",5,11
1,3,67,2,11,2016,"27157_4",4,11
1,1,24,1,4,2016,"27238_1",3,4
2,2,33,1,4,2016,"27238_2",3,4
2,1,6,4,19,2016,"27509_2",2,19
2,1,21,1,13,2016,"27730_2",3,13
1,2,11,1,13,2016,"27730_1",2,13
2,3,43,2,13,2016,"27730_3",3,13
1,3,56,2,13,2016,"27730_5",4,13
2,1,23,1,13,2016,"27734_2",3,13
1,2,19,1,13,2016,"27734_1",2,13
2,1,10,4,13,2016,"27739_2",2,13
2,1,4,4,13,2016,"27742_2",1,13
1,1,20,1,5,2016,"27912_1",4,5
2,2,26,1,5,2016,"27912_2",3,5
1,3,56,2,5,2016,"27912_4",4,5
1,1,23,1,5,2016,"27923_1",4,5
2,2,29,1,5,2016,"27923_2",3,4
1,3,63,2,5,2016,"27923_6",4,5
1,3,71,2,5,2016,"27923_7",3,5
1,1,5,1,5,2016,"27947_1",2,5
2,2,4,1,5,2016,"27947_2",2,5
1,1,22,1,20,2016,"28441_1",5,20
2,2,30,1,20,2016,"28441_2",4,20
2,1,32,1,1,2016,"28802_2",4,1
1,2,28,1,1,2016,"28802_1",4,1
2,1,3,4,19,2016,"28859_2",4,19
2,2,13,1,13,2016,"28992_2",3,13
1,1,21,1,20,2016,"29140_1",3,20
2,2,24,1,20,2016,"29140_2",3,20
1,1,5,1,11,2016,"29678_1",3,11
2,2,9,1,11,2016,"29678_2",1,11
1,1,36,1,11,2016,"29680_1",3,11
2,2,42,1,11,2016,"29680_2",2,11
1,3,61,2,11,2016,"29680_3",4,11
1,3,65,2,11,2016,"29680_4",3,11
1,1,23,1,8,2016,"29737_1",6,8
2,2,25,1,8,2016,"29737_2",5,8
1,1,24,1,8,2016,"29742_1",2,8
2,2,26,1,8,2016,"29742_2",2,8
2,3,46,2,8,2016,"29742_3",3,8
1,3,57,2,8,2016,"29742_5",4,8
1,1,7,1,3,2016,"29798_1",2,3
2,2,8,1,3,2016,"29798_2",2,3
2,1,32,1,7,2016,"29823_3",5,7
1,2,37,1,7,2016,"29823_4",5,7
2,3,65,2,7,2016,"29823_5",4,7
1,3,66,2,7,2016,"29823_6",4,7
2,3,69,2,7,2016,"29823_7",3,7
1,3,72,2,7,2016,"29823_8",3,7
1,1,26,2,1,2016,"31093_1",3,1
2,1,10,1,19,2016,"31220_2",2,19
1,2,7,1,19,2016,"31220_1",2,19
2,1,10,4,19,2016,"31221_1",4,4
2,3,50,2,19,2016,"31221_2",3,19
1,1,14,1,1,2016,"31246_1",2,1
2,2,16,1,1,2016,"31246_2",3,1
2,3,29,2,14,2016,"31625_2",5,8
1,1,13,1,14,2016,"31652_1",3,7
2,2,15,1,14,2016,"31652_2",5,14
1,1,9,4,18,2016,"31665_1",3,18
2,1,24,4,18,2016,"31671_2",3,18
2,1,41,1,14,2016,"31695_4",3,5
1,2,36,1,14,2016,"31695_3",3,14
1,3,63,2,14,2016,"31695_6",4,14
1,1,30,1,18,2016,"31724_1",4,18
2,2,34,1,18,2016,"31724_2",4,1
2,3,62,2,18,2016,"31724_3",4,18
2,3,67,2,18,2016,"31724_4",4,18
2,4,70,2,18,2016,"31724_5",3,18
2,1,7,4,14,2016,"31757_1",3,15
2,1,20,1,14,2016,"31799_2",2,14
1,2,13,1,14,2016,"31799_1",3,14
1,1,30,1,7,2016,"31860_1",3,7
2,2,33,1,7,2016,"31860_2",4,7
2,3,60,2,7,2016,"31860_4",4,7
1,1,16,1,1,2016,"32034_1",3,10
2,2,20,1,1,2016,"32034_2",2,10
2,1,9,4,1,2016,"32044_2",2,1
1,1,13,1,1,2016,"32052_1",3,1
2,2,16,1,1,2016,"32052_2",3,1
1,1,10,1,1,2016,"32057_1",3,1
2,2,15,1,1,2016,"32057_2",4,1
1,3,39,2,1,2016,"32057_3",5,1
1,1,19,2,14,2016,"32190_1",4,14
2,1,8,4,15,2016,"32318_2",2,15
2,1,34,1,15,2016,"32320_2",5,15
1,2,30,1,15,2016,"32320_1",4,17
1,3,65,2,15,2016,"32320_4",4,15
2,1,17,4,7,2016,"32471_1",2,7
1,1,17,1,19,2016,"32524_1",5,19
2,2,20,1,19,2016,"32524_2",5,19
2,1,19,4,16,2016,"32556_1",3,16
1,1,21,1,8,2016,"32668_1",3,8
2,2,22,1,8,2016,"32668_2",3,8
1,3,45,2,8,2016,"32668_3",3,8
2,1,14,4,19,2016,"32703_2",4,7
1,1,12,1,19,2016,"32709_1",4,19
2,2,16,1,19,2016,"32709_2",4,19
2,3,50,2,19,2016,"32709_4",6,19
1,1,26,1,19,2016,"32729_1",3,19
2,2,30,1,19,2016,"32729_2",3,19
1,1,37,3,19,2016,"32734_3",3,19
2,1,11,4,19,2016,"32751_2",3,19
2,1,28,1,19,2016,"32765_1",5,19
1,2,26,1,19,2016,"32765_2",5,19
2,1,24,1,19,2016,"32772_2",4,8
1,2,21,1,19,2016,"32772_1",3,19
2,1,8,4,9,2016,"32810_1",1,9
1,1,2,1,10,2016,"32822_1",5,10
1,3,34,2,10,2016,"32822_4",4,10
1,1,17,1,16,2016,"32839_1",4,16
2,2,16,1,16,2016,"32839_2",3,16
2,1,23,1,3,2016,"32861_2",2,3
1,2,18,1,3,2016,"32861_1",2,3
2,3,60,2,3,2016,"32861_5",4,3
1,1,34,1,16,2016,"32887_1",4,16
2,2,37,1,16,2016,"32887_2",4,16
1,3,61,2,16,2016,"32887_4",4,16
1,1,8,1,7,2016,"33036_1",2,7
2,2,11,1,7,2016,"33036_2",2,7
1,3,37,2,7,2016,"33036_3",3,7
1,1,29,1,7,2016,"33038_1",4,7
2,2,27,1,7,2016,"33038_2",3,7
2,3,59,1,7,2016,"33038_6",4,7
1,3,61,2,7,2016,"33038_3",4,7
1,1,8,1,5,2016,"33275_1",5,8
2,2,17,1,5,2016,"33275_2",5,6
1,1,19,1,19,2016,"33303_1",4,19
2,2,11,1,19,2016,"33303_2",3,19
1,1,32,1,2,2016,"33335_1",4,2
2,2,31,1,2,2016,"33335_2",3,2
1,3,54,2,2,2016,"33335_3",5,2
1,3,59,2,2,2016,"33335_4",4,2
1,1,42,2,2,2016,"33336_3",3,2
2,4,15,4,2,2016,"33336_2",2,2
1,1,11,1,2,2016,"33348_1",2,2
2,2,16,1,2,2016,"33348_2",2,2
2,1,27,4,11,2016,"33451_5",3,11
1,3,54,2,11,2016,"33451_3",4,11
2,3,64,2,11,2016,"33451_4",3,11
1,1,8,3,11,2016,"33455_1",4,11
2,1,6,2,11,2016,"33479_1",4,11
2,4,8,2,11,2016,"33479_2",4,11
2,1,9,3,16,2016,"33644_1",2,16
2,1,2,4,20,2016,"33823_1",2,20
2,1,18,4,8,2016,"33839_2",3,8
2,1,35,1,19,2016,"33877_2",4,19
1,2,30,1,19,2016,"33877_1",4,19
1,1,23,1,19,2016,"33882_1",3,19
2,2,31,1,19,2016,"33882_2",3,19
1,1,11,1,4,2016,"33937_1",2,11
2,2,19,1,4,2016,"33937_2",2,11
1,1,21,1,4,2016,"33985_1",5,4
2,2,26,1,4,2016,"33985_2",5,4
1,3,60,2,4,2016,"33985_5",5,4
1,1,18,1,4,2016,"33994_1",3,4
2,2,22,1,4,2016,"33994_2",3,4
1,3,47,2,4,2016,"33994_4",4,4
1,1,23,4,3,2016,"34059_1",4,3
1,1,20,2,5,2016,"34252_1",3,5
1,1,10,1,8,2016,"34732_1",2,8
2,2,15,1,8,2016,"34732_2",2,8
2,1,9,4,8,2016,"34778_2",2,8
1,3,35,2,8,2016,"34778_3",4,8
1,1,25,1,19,2016,"34825_1",3,19
2,2,26,1,19,2016,"34825_2",4,3
2,1,39,1,16,2016,"34900_2",3,16
1,2,35,1,16,2016,"34900_1",3,16
2,3,65,2,16,2016,"34900_3",4,16
1,3,73,2,16,2016,"34900_4",3,16
1,1,13,4,14,2016,"35005_1",3,8
1,3,53,2,14,2016,"35005_3",3,14
2,1,38,1,7,2016,"35022_2",3,7
1,2,38,1,7,2016,"35022_1",3,7
1,3,64,2,7,2016,"35022_5",4,7
1,1,30,1,14,2016,"35032_1",3,10
2,2,32,1,14,2016,"35032_2",4,14
1,3,59,2,14,2016,"35032_3",5,14
1,3,61,2,14,2016,"35032_4",4,14
1,1,11,1,20,2016,"35234_1",3,20
2,1,9,4,5,2016,"35319_2",1,5
1,1,2,1,5,2016,"35322_1",2,5
2,2,9,1,5,2016,"35322_2",2,5
2,1,9,1,5,2016,"35323_2",2,5
1,2,9,1,5,2016,"35323_1",2,5
1,1,8,2,10,2016,"35326_3",4,10
2,4,4,2,10,2016,"35326_4",4,10
2,1,10,4,10,2016,"35340_2",2,10
2,1,4,4,10,2016,"35349_2",1,10
2,1,5,4,10,2016,"35355_2",2,10
2,1,27,1,10,2016,"35372_2",3,1
1,2,21,1,10,2016,"35372_1",3,10
1,3,47,2,10,2016,"35372_3",3,1
2,1,54,2,10,2016,"35374_3",5,10
2,4,25,4,10,2016,"35374_2",4,10
1,4,59,2,10,2016,"35374_5",4,10
2,4,59,2,10,2016,"35374_4",5,10
1,1,21,1,10,2016,"35379_1",3,10
2,2,29,1,10,2016,"35379_2",3,10
2,1,29,1,11,2016,"35502_2",3,11
1,2,23,1,11,2016,"35502_1",2,11
2,1,35,2,11,2016,"35507_4",5,11
1,4,9,1,11,2016,"35507_1",3,11
2,4,13,1,11,2016,"35507_2",3,11
2,1,37,4,11,2016,"35508_2",3,11
1,3,64,2,11,2016,"35508_3",4,11
1,3,65,2,11,2016,"35508_4",4,11
1,3,69,2,11,2016,"35508_5",3,11
1,3,77,2,11,2016,"35508_8",1,11
2,1,10,4,11,2016,"35518_2",4,11
2,1,3,4,11,2016,"35600_2",1,11
1,1,18,1,20,2016,"35640_1",3,20
2,2,17,1,20,2016,"35640_2",4,20
1,1,21,1,16,2016,"35682_1",2,16
2,2,27,1,16,2016,"35682_2",4,16
1,1,23,1,16,2016,"35788_1",4,16
2,2,26,1,16,2016,"35788_2",3,16
1,1,22,1,8,2016,"36067_1",3,8
2,2,27,1,8,2016,"36067_2",4,8
1,3,54,2,8,2016,"36067_3",4,8
1,1,35,1,16,2016,"36130_1",3,16
2,2,37,1,16,2016,"36130_2",3,16
1,1,31,1,16,2016,"36164_1",3,15
2,2,35,1,16,2016,"36164_2",3,16
2,1,35,4,9,2016,"36186_3",3,9
2,3,57,2,9,2016,"36186_4",4,9
2,3,71,2,9,2016,"36186_6",3,9
2,1,33,4,8,2016,"36250_2",3,8
1,3,56,2,8,2016,"36250_5",4,8
1,3,62,2,8,2016,"36250_4",4,8
1,1,22,1,8,2016,"36321_1",3,8
2,2,23,1,8,2016,"36321_2",2,8
2,3,53,2,8,2016,"36321_3",3,8
2,1,30,4,4,2016,"36333_2",3,4
2,3,58,2,4,2016,"36333_3",5,4
1,1,20,1,16,2016,"36378_1",2,16
2,2,23,1,16,2016,"36378_2",3,16
1,1,10,1,1,2016,"36403_1",2,8
2,2,15,1,1,2016,"36403_2",2,8
1,1,26,1,1,2016,"36409_1",3,1
2,2,28,1,1,2016,"36409_2",4,8
1,1,25,1,19,2016,"36443_1",3,19
2,2,31,1,19,2016,"36443_2",4,19
1,1,24,1,19,2016,"36450_1",3,19
2,2,28,1,19,2016,"36450_2",4,19
1,3,57,2,19,2016,"36450_3",4,19
2,1,33,1,9,2016,"36522_2",4,9
1,2,31,1,9,2016,"36522_1",5,8
2,3,60,2,9,2016,"36522_3",5,8
1,3,64,2,9,2016,"36522_4",4,9
2,1,9,1,9,2016,"36524_2",3,9
1,2,13,1,9,2016,"36524_1",4,19
1,3,40,2,9,2016,"36524_3",5,9
2,1,25,4,19,2016,"36697_1",3,14
1,1,23,1,11,2016,"36893_1",3,11
2,2,32,1,11,2016,"36893_2",3,11
2,3,63,2,11,2016,"36893_4",4,11
2,1,26,1,20,2016,"37001_2",3,20
1,2,22,1,20,2016,"37001_1",3,20
1,3,50,1,20,2016,"37001_4",3,20
2,4,60,1,20,2016,"37001_5",4,7
1,1,13,1,5,2016,"37011_1",5,7
2,2,19,1,5,2016,"37011_2",4,5
1,1,29,1,7,2016,"37299_1",3,7
2,2,33,1,7,2016,"37299_2",3,7
2,3,66,2,7,2016,"37299_5",4,7
1,1,34,1,4,2016,"37459_1",3,4
2,2,36,1,4,2016,"37459_2",4,13
2,3,63,2,4,2016,"37459_3",4,4
2,1,22,3,16,2016,"37521_2",5,16
2,1,36,1,16,2016,"37665_1",4,16
1,2,29,1,16,2016,"37665_2",4,16
1,1,13,1,11,2016,"37677_1",4,11
2,2,19,1,11,2016,"37677_2",3,11
2,1,22,2,4,2016,"37810_3",2,4
2,1,28,1,17,2016,"38014_2",4,16
1,2,24,1,17,2016,"38014_1",4,16
1,1,37,1,1,2016,"38095_1",3,1
2,2,33,1,1,2016,"38095_2",3,1
1,3,56,2,1,2016,"38095_3",3,1
1,1,12,4,17,2016,"38106_1",4,17
1,1,41,2,17,2016,"38135_2",4,17
2,1,10,2,20,2016,"38272_1",3,4
1,1,29,1,16,2016,"38316_1",5,16
2,2,30,1,16,2016,"38316_2",5,16
1,3,61,2,16,2016,"38316_5",4,16
2,3,66,2,16,2016,"38316_6",4,16
1,1,11,1,19,2016,"38349_1",4,19
2,2,15,1,19,2016,"38349_2",3,19
1,1,39,1,20,2016,"38554_3",3,20
2,2,45,1,20,2016,"38554_4",3,20
1,3,67,2,20,2016,"38554_5",3,20
1,3,73,2,20,2016,"38554_6",2,20
1,1,19,1,5,2016,"38877_1",3,5
2,2,23,1,5,2016,"38877_2",4,5
1,1,16,1,5,2016,"38885_1",3,5
2,2,23,1,5,2016,"38885_2",3,5
2,1,18,4,13,2016,"38939_2",3,13
2,3,41,1,13,2016,"38939_5",5,13
2,4,77,2,13,2016,"38939_6",1,13
2,4,78,2,13,2016,"38939_7",1,13
1,1,16,1,13,2016,"38940_1",2,13
2,2,18,1,13,2016,"38940_2",4,13
2,1,17,4,15,2016,"38979_2",3,16
2,1,22,1,14,2016,"38992_2",5,14
1,2,21,1,14,2016,"38992_1",4,14
1,1,28,1,14,2016,"39056_1",4,14
2,2,31,1,14,2016,"39056_2",4,14
2,2,11,1,16,2016,"39086_2",5,1
2,1,30,4,16,2016,"39095_3",4,16
2,1,12,2,16,2016,"39218_1",4,16
1,1,37,1,16,2016,"39227_5",3,16
1,4,6,4,16,2016,"39227_1",2,16
2,3,37,2,5,2016,"39284_3",4,5
1,1,63,2,1,2016,"39317_3",3,1
1,1,34,1,1,2016,"39318_1",3,1
2,2,38,1,1,2016,"39318_2",4,1
1,3,69,2,1,2016,"39318_3",3,1
1,1,10,1,3,2016,"39351_2",2,3
2,2,10,1,3,2016,"39351_1",3,3
2,1,21,3,20,2016,"39488_1",2,20
1,1,10,1,20,2016,"39491_1",3,20
2,2,5,1,20,2016,"39491_2",3,20
1,1,20,1,11,2016,"39697_1",5,11
2,2,24,1,11,2016,"39697_2",5,11
2,3,56,2,11,2016,"39697_4",4,11
1,1,2,4,13,2016,"50052_1",3,13
1,1,31,1,13,2016,"50060_1",3,7
2,2,28,1,13,2016,"50060_2",3,13
1,3,58,2,13,2016,"50060_4",5,13
1,1,17,4,13,2016,"50085_1",3,13
1,3,47,2,13,2016,"50085_2",3,13
2,1,11,4,13,2016,"50231_2",2,13
1,3,30,2,13,2016,"50231_3",2,13
1,1,19,1,10,2016,"51013_1",5,10
2,2,22,1,10,2016,"51013_3",4,10
1,3,53,2,10,2016,"51013_4",5,10
2,1,5,4,2,2016,"51363_2",2,2
1,1,24,1,16,2016,"51444_1",3,14
2,2,23,1,16,2016,"51444_2",3,16
2,3,52,2,16,2016,"51444_3",5,16
2,3,59,2,16,2016,"51444_4",5,16
1,1,4,1,16,2016,"51467_1",2,16
1,3,33,3,16,2016,"51467_3",3,16
1,1,22,1,16,2016,"51544_1",3,16
2,2,15,1,16,2016,"51544_2",3,16
1,1,12,1,16,2016,"51733_1",3,16
2,2,11,1,16,2016,"51733_2",2,16
1,1,13,1,15,2016,"51895_1",2,4
2,2,12,1,15,2016,"51895_2",2,15
2,1,32,4,8,2016,"52700_2",2,8
2,1,28,4,6,2016,"52718_6",2,6
2,3,52,2,6,2016,"52718_5",4,6
2,1,37,2,8,2016,"52736_4",4,8
1,4,17,2,8,2016,"52736_3",2,8
1,1,30,1,19,2016,"53008_1",4,19
2,2,35,1,19,2016,"53008_2",3,19
2,1,14,3,16,2016,"53028_1",2,16
1,1,28,2,19,2016,"53086_1",4,7
2,1,4,4,19,2016,"53109_2",2,5
1,1,22,1,16,2016,"53202_1",3,16
2,2,28,1,16,2016,"53202_2",3,16
1,1,18,1,19,2016,"53234_1",3,3
2,2,19,1,19,2016,"53234_2",3,7
1,3,49,2,19,2016,"53234_3",5,19
1,3,57,2,19,2016,"53234_5",5,19
1,2,17,1,3,2016,"53373_1",4,3
2,1,4,4,3,2016,"53380_1",2,3
1,3,33,3,3,2016,"53380_2",4,3
1,1,20,1,3,2016,"53520_1",3,14
2,2,24,1,3,2016,"53520_2",3,3
1,1,15,1,3,2016,"53549_1",3,3
2,2,20,1,3,2016,"53549_2",3,3
2,1,27,3,3,2016,"53552_2",3,3
2,3,62,2,3,2016,"53552_4",4,3
1,1,3,4,3,2016,"53564_1",5,3
2,3,35,2,3,2016,"53564_5",4,3
1,1,36,3,3,2016,"53596_1",3,3
1,3,63,2,3,2016,"53596_3",4,3
1,3,72,2,3,2016,"53596_4",3,3
2,1,24,1,14,2016,"53871_1",3,10
1,2,24,1,14,2016,"53871_2",2,8
1,3,38,3,14,2016,"53997_7",5,14
2,1,9,1,14,2016,"54143_2",3,14
2,4,41,2,14,2016,"54143_5",2,14
2,1,17,1,20,2016,"55147_2",2,20
1,2,2,1,20,2016,"55147_1",2,20
2,1,2,4,5,2016,"55308_2",2,5
1,1,41,2,7,2016,"55425_3",5,7
1,1,32,2,7,2016,"55430_1",5,7
2,4,3,4,7,2016,"55430_3",4,7
2,1,30,1,7,2016,"55636_3",5,7
1,2,27,1,7,2016,"55636_2",4,7
2,4,1,4,7,2016,"55636_1",2,7
1,3,67,2,7,2016,"55636_6",4,7
2,1,25,4,9,2016,"55774_2",2,9
1,3,45,2,9,2016,"55774_3",4,20
1,3,52,2,9,2016,"55774_5",4,9
2,1,4,4,4,2016,"56251_2",2,4
2,3,37,4,4,2016,"56251_1",4,4
1,4,61,2,4,2016,"56251_3",4,4
1,1,22,1,2,2016,"56465_1",3,2
2,2,26,1,2,2016,"56465_5",3,11
1,1,7,1,2,2016,"56563_1",2,2
2,2,9,1,2,2016,"56563_2",2,2
2,1,35,1,2,2016,"56582_2",4,2
1,2,28,1,2,2016,"56582_1",3,2
2,3,62,2,2,2016,"56582_3",5,2
2,1,40,1,2,2016,"56603_2",3,2
1,2,36,1,2,2016,"56603_1",3,19
1,1,22,1,2,2016,"56624_1",4,2
1,1,36,2,2,2016,"56658_1",3,2
2,4,9,4,2,2016,"56658_3",2,2
2,1,3,1,2,2016,"56677_1",3,3
1,2,8,1,2,2016,"56677_2",4,2
2,1,31,1,2,2016,"56721_4",3,2
1,2,27,1,2,2016,"56721_7",3,2
2,1,42,1,2,2016,"56761_5",5,2
1,2,41,1,2,2016,"56761_7",3,2
1,3,74,2,2,2016,"56761_6",2,2
1,3,75,2,2,2016,"56761_8",2,2
1,4,13,1,2,2016,"56761_3",3,2
2,4,19,1,2,2016,"56761_4",2,2
1,1,15,1,2,2016,"56762_1",2,2
2,2,27,1,2,2016,"56762_2",3,2
1,1,36,1,11,2016,"57027_1",3,11
2,2,36,1,11,2016,"57027_2",4,11
2,3,63,2,11,2016,"57027_5",4,11
2,3,66,2,11,2016,"57027_4",4,11
1,1,18,1,11,2016,"57042_1",2,11
2,2,22,1,11,2016,"57042_2",2,11
2,1,22,4,11,2016,"57138_2",5,11
1,1,33,1,3,2016,"57546_1",4,3
2,2,35,1,3,2016,"57546_2",4,3
1,1,20,1,3,2016,"57547_1",2,3
2,2,28,1,3,2016,"57547_2",3,3
1,3,50,2,3,2016,"57547_3",3,3
2,1,31,1,2,2016,"57621_2",4,2
1,2,22,1,2,2016,"57621_1",4,2
2,1,25,3,11,2016,"57670_1",4,11
2,1,26,1,11,2016,"57779_2",2,11
1,2,22,1,11,2016,"57779_1",3,11
1,1,28,1,19,2016,"57962_1",4,19
2,2,31,1,19,2016,"57962_2",5,19
2,1,16,4,20,2016,"58366_1",4,20
1,1,29,1,7,2016,"60078_1",3,7
2,2,36,1,7,2016,"60078_2",3,7
1,3,72,2,7,2016,"60078_5",3,7
1,1,24,3,3,2016,"91067_1",3,3
2,3,57,2,3,2016,"91067_4",4,3
1,4,79,2,3,2016,"91067_5",1,3
2,1,42,1,14,2016,"91071_2",4,14
1,2,41,1,14,2016,"91071_1",3,1
1,3,70,2,14,2016,"91071_3",3,14
1,3,73,2,14,2016,"91071_4",3,14
2,1,44,3,19,2016,"91074_2",4,19
1,3,67,2,19,2016,"91074_3",4,19
2,3,74,2,19,2016,"91074_4",3,19
2,1,35,1,2,2016,"91079_2",4,4
1,2,36,1,2,2016,"91079_1",4,2
1,3,69,2,2,2016,"91079_3",3,2
1,1,37,1,3,2016,"91081_1",3,3
2,2,41,1,3,2016,"91081_2",5,3
1,1,32,1,20,2016,"91095_1",4,20
2,2,35,1,20,2016,"91095_4",4,4
2,1,13,1,13,2016,"111052_2",2,13
1,2,7,1,13,2016,"111052_1",2,13
1,1,15,4,19,2016,"138399_1",3,19
1,1,26,1,13,2016,"145007_1",5,13
2,2,28,1,13,2016,"145007_2",5,13
1,3,60,2,13,2016,"145007_5",5,13
1,3,62,2,13,2016,"145007_6",4,13
1,1,19,3,4,2016,"178001_1",3,4
1,1,5,2,2,2016,"193016_1",1,2
1,1,19,1,18,2016,"213440_1",4,18
2,2,19,1,18,2016,"213440_2",3,10
2,1,6,4,18,2016,"224048_1",2,13
1,1,15,1,14,2016,"230029_1",3,14
2,2,18,1,14,2016,"230029_2",2,14
1,1,20,1,14,2016,"230037_1",4,7
2,2,20,1,14,2016,"230037_2",5,14
1,1,20,1,11,2016,"237003_1",4,11
2,2,16,1,11,2016,"237003_2",5,11
2,1,34,1,19,2016,"243067_1",4,19
1,2,34,1,19,2016,"243067_2",3,19
2,3,65,2,19,2016,"243067_4",4,19
2,1,18,1,13,2016,"244013_2",3,13
1,2,18,1,13,2016,"244013_1",2,13
2,1,36,1,13,2016,"244058_2",4,13
1,2,36,1,13,2016,"244058_1",2,13
2,3,69,2,13,2016,"244058_3",4,13
2,1,21,1,11,2016,"250005_2",4,11
1,2,16,1,11,2016,"250005_1",4,7
2,1,18,1,11,2016,"250010_2",2,11
2,1,23,4,11,2016,"250039_1",3,11
2,1,43,1,11,2016,"256015_4",3,11
1,2,37,1,11,2016,"256015_1",4,11
2,3,65,2,11,2016,"256015_8",4,11
1,3,67,2,11,2016,"256015_9",4,11
2,3,68,2,11,2016,"256015_10",3,11
2,3,77,2,11,2016,"256015_11",1,11
1,1,7,4,7,2016,"279054_1",3,7
2,1,12,3,13,2016,"282083_1",3,13
2,1,26,1,13,2016,"282089_2",2,13
1,2,22,1,13,2016,"282089_1",2,13
2,1,15,3,13,2016,"284086_2",4,13
1,3,47,2,13,2016,"284086_3",3,13
1,2,6,1,13,2016,"284086_1",2,13
2,1,18,1,13,2016,"310002_2",2,13
1,2,10,1,13,2016,"310002_1",2,13
2,1,19,4,13,2016,"310005_2",3,13
1,1,5,1,19,2016,"321009_1",2,19
2,2,8,1,19,2016,"321009_3",2,19
1,1,18,1,3,2016,"332080_1",2,3
2,2,27,1,3,2016,"332080_2",2,3
1,1,7,1,16,2016,"333081_1",5,4
2,2,6,1,16,2016,"333081_2",4,8
2,1,15,4,14,2016,"355063_1",3,14
1,1,19,1,7,2016,"365034_1",3,7
2,2,22,1,7,2016,"365034_2",3,7
1,1,17,1,16,2016,"387029_1",4,16
2,2,20,1,16,2016,"387029_2",3,16
2,1,27,1,4,2016,"389084_2",2,4
1,2,28,1,4,2016,"389084_1",2,4
2,1,19,1,1,2016,"500001_2",3,1
1,2,16,1,1,2016,"500001_1",3,1
2,1,12,4,1,2016,"500004_1",2,13
1,3,39,2,1,2016,"500004_2",1,13
1,3,39,2,1,2016,"500004_3",1,13
2,3,40,2,1,2016,"500004_4",1,13
2,2,31,1,1,2016,"500026_2",3,1
1,1,4,1,1,2016,"500090_1",2,16
2,2,11,1,1,2016,"500090_2",2,4
2,1,20,1,1,2016,"500176_2",2,7
1,2,19,1,1,2016,"500176_1",2,7
1,3,61,2,1,2016,"500176_5",3,1
1,1,36,1,1,2016,"500669_1",3,1
2,2,39,1,1,2016,"500669_2",3,1
2,1,11,1,1,2016,"500674_1",4,1
1,2,9,1,1,2016,"500674_3",4,1
2,1,41,1,1,2016,"500726_2",4,18
1,2,38,1,1,2016,"500726_1",4,1
1,1,25,1,12,2016,"501068_1",2,11
2,2,32,1,12,2016,"501068_2",2,11
1,1,27,1,12,2016,"501082_1",3,12
2,2,30,1,12,2016,"501082_2",4,12
2,1,4,4,18,2016,"501627_3",2,14
1,1,24,1,18,2016,"501694_1",3,18
2,2,29,1,18,2016,"501694_2",3,14
1,3,56,2,18,2016,"501694_3",4,18
2,1,7,4,18,2016,"501816_1",2,16
1,3,31,2,18,2016,"501816_3",3,18
2,3,35,2,18,2016,"501816_2",3,18
1,1,17,1,18,2016,"501874_1",3,18
2,3,49,2,18,2016,"501874_4",5,18
1,1,30,2,14,2016,"502060_3",4,14
2,1,34,1,14,2016,"502355_2",4,14
1,2,33,1,14,2016,"502355_1",3,14
1,3,61,2,14,2016,"502355_4",4,14
2,1,5,4,14,2016,"502364_1",2,14
1,1,13,1,14,2016,"502772_1",2,14
1,3,68,2,14,2016,"502772_3",3,14
1,1,26,1,14,2016,"503560_1",4,7
2,2,32,1,14,2016,"503560_2",3,7
1,1,19,1,14,2016,"503561_1",4,14
2,2,21,1,14,2016,"503561_2",4,14
1,1,24,1,14,2016,"503593_1",4,4
1,1,20,1,14,2016,"503674_1",5,14
2,2,27,1,14,2016,"503674_2",4,14
1,3,51,2,14,2016,"503674_3",5,14
1,1,5,1,14,2016,"503788_1",3,14
2,2,16,1,14,2016,"503788_2",2,14
2,1,25,1,14,2016,"503931_2",4,14
1,2,19,1,14,2016,"503931_1",4,14
2,1,41,1,14,2016,"503950_2",3,14
1,2,40,1,14,2016,"503950_1",3,14
2,3,72,2,14,2016,"503950_4",3,14
2,1,5,4,14,2016,"503981_2",3,14
1,1,4,1,14,2016,"504091_1",2,14
2,2,11,1,14,2016,"504091_2",2,14
1,1,32,2,14,2016,"504157_1",3,18
1,1,16,1,15,2016,"504363_1",3,15
2,1,5,2,15,2016,"504380_2",3,14
2,1,31,4,15,2016,"504395_1",4,15
2,3,63,2,15,2016,"504395_3",5,15
2,3,71,2,15,2016,"504395_4",3,15
1,2,37,2,15,2016,"504395_5",3,15
1,1,39,1,16,2016,"504453_1",3,16
2,2,39,1,16,2016,"504453_2",4,16
2,3,66,2,16,2016,"504453_4",4,16
2,1,4,4,16,2016,"504551_1",2,16
2,1,29,4,16,2016,"504584_1",2,16
1,1,15,1,16,2016,"504730_2",3,16
2,2,14,1,16,2016,"504730_1",3,16
1,1,19,1,16,2016,"504792_1",4,16
2,2,18,1,16,2016,"504792_2",4,16
1,1,35,1,16,2016,"504821_1",5,16
2,2,38,1,16,2016,"504821_2",3,16
1,3,74,2,16,2016,"504821_3",2,16
2,1,13,3,16,2016,"504885_1",3,3
1,1,22,1,16,2016,"504889_1",4,16
2,2,24,1,16,2016,"504889_2",3,16
2,1,36,1,16,2016,"504921_2",3,16
1,2,39,1,16,2016,"504921_1",4,10
2,3,68,2,16,2016,"504921_4",4,16
1,1,39,1,16,2016,"504937_1",3,16
2,2,40,1,16,2016,"504937_2",3,16
2,3,68,2,16,2016,"504937_3",4,16
2,3,72,2,16,2016,"504937_4",3,16
1,1,25,1,16,2016,"505022_2",2,16
2,2,21,1,16,2016,"505022_3",2,16
1,1,6,1,16,2016,"505167_1",2,16
2,2,6,1,16,2016,"505167_2",2,16
2,1,25,4,17,2016,"505228_1",3,17
1,3,55,2,17,2016,"505228_3",5,17
2,3,60,2,17,2016,"505228_4",5,17
1,1,18,1,17,2016,"505243_1",3,17
2,2,20,1,17,2016,"505243_2",3,17
1,1,36,1,17,2016,"505390_1",5,16
2,2,36,1,17,2016,"505390_2",4,11
2,3,65,2,17,2016,"505390_4",4,17
2,1,5,4,17,2016,"505407_1",2,17
1,1,38,1,17,2016,"505424_1",4,17
2,2,42,1,17,2016,"505424_2",4,17
2,3,67,2,17,2016,"505424_5",4,17
2,3,72,2,17,2016,"505424_4",3,17
1,1,18,1,19,2016,"505517_1",3,19
2,2,14,1,19,2016,"505517_2",4,19
1,1,17,1,19,2016,"505525_1",4,19
2,2,21,1,19,2016,"505525_2",3,19
1,1,22,1,19,2016,"505534_2",4,19
2,2,34,1,19,2016,"505534_1",4,19
1,3,64,2,19,2016,"505534_3",4,14
1,1,3,1,19,2016,"505576_1",2,19
2,2,10,1,19,2016,"505576_2",2,19
1,1,20,1,19,2016,"505594_1",3,19
2,2,26,1,19,2016,"505594_2",3,19
2,1,23,4,19,2016,"505606_2",4,19
2,3,58,2,19,2016,"505606_3",5,14
1,1,23,1,19,2016,"505655_1",4,19
2,2,25,1,19,2016,"505655_2",3,19
1,1,16,1,19,2016,"505672_1",4,19
2,2,18,1,19,2016,"505672_2",4,19
2,1,10,4,19,2016,"505681_2",2,19
2,1,36,1,19,2016,"505768_2",3,19
1,2,32,1,19,2016,"505768_1",3,19
1,1,4,1,19,2016,"505771_1",4,19
2,2,10,1,19,2016,"505771_2",3,19
1,3,28,2,19,2016,"505806_2",2,19
1,1,17,1,19,2016,"505810_1",5,19
2,2,30,1,19,2016,"505810_2",4,19
1,3,52,2,19,2016,"505810_3",4,19
1,3,62,2,19,2016,"505810_4",5,19
1,1,32,1,19,2016,"505818_1",4,8
2,2,33,1,19,2016,"505818_2",3,8
2,3,58,1,19,2016,"505818_3",5,19
1,3,63,2,19,2016,"505818_4",4,19
2,1,42,1,19,2016,"505839_2",5,11
1,2,42,1,19,2016,"505839_1",4,19
1,1,10,1,19,2016,"506025_1",4,19
2,2,19,1,19,2016,"506025_2",4,19
2,1,5,4,19,2016,"506100_2",2,20
2,1,34,1,19,2016,"506107_1",3,19
1,2,29,1,19,2016,"506107_2",3,19
1,3,67,2,19,2016,"506107_5",3,19
2,1,4,4,19,2016,"506112_2",1,19
2,1,9,4,19,2016,"506152_1",4,19
2,3,46,2,19,2016,"506152_2",4,19
1,4,78,2,19,2016,"506152_3",1,19
1,4,79,2,19,2016,"506152_4",1,19
2,2,4,1,3,2016,"506385_2",2,3
1,3,33,2,3,2016,"506385_3",3,3
1,1,41,1,3,2016,"506396_1",4,3
2,2,42,1,3,2016,"506396_2",4,3
1,3,72,2,3,2016,"506396_3",3,3
1,3,75,2,3,2016,"506396_4",2,3
2,1,20,4,3,2016,"506402_2",2,3
2,1,42,1,3,2016,"506410_2",4,3
1,2,40,1,3,2016,"506410_1",4,3
2,3,67,2,3,2016,"506410_3",4,3
2,3,70,2,3,2016,"506410_4",3,3
1,1,37,1,3,2016,"506413_1",3,3
2,2,42,1,3,2016,"506413_2",3,3
2,3,72,2,3,2016,"506413_3",3,3
2,1,12,1,3,2016,"506418_2",2,3
2,1,18,1,3,2016,"506446_2",3,3
1,2,11,1,3,2016,"506446_1",3,3
1,1,36,1,3,2016,"506458_1",5,7
2,2,36,1,3,2016,"506458_2",4,7
1,3,63,2,3,2016,"506458_3",4,7
1,3,72,2,3,2016,"506458_4",3,3
1,1,26,1,3,2016,"506492_1",4,3
1,1,21,1,3,2016,"506565_1",4,3
2,2,23,1,3,2016,"506565_2",5,3
1,1,24,1,3,2016,"506628_1",4,3
2,2,23,1,3,2016,"506628_2",5,3
2,3,54,2,3,2016,"506628_3",5,3
1,3,56,2,3,2016,"506628_4",5,3
1,3,61,2,3,2016,"506628_5",4,3
1,1,12,1,20,2016,"506736_1",5,11
2,2,13,1,20,2016,"506736_2",5,11
2,1,42,1,20,2016,"506738_2",4,20
1,2,37,1,20,2016,"506738_1",3,20
1,3,63,2,20,2016,"506738_3",4,20
1,3,69,2,20,2016,"506738_4",3,20
1,1,7,1,20,2016,"506758_1",4,20
2,2,8,1,20,2016,"506758_2",2,20
1,3,40,3,20,2016,"506758_6",5,20
1,1,8,1,20,2016,"506767_1",4,19
2,2,9,1,20,2016,"506767_2",3,20
1,1,22,1,20,2016,"506798_1",2,20
2,2,27,1,20,2016,"506798_2",2,20
1,1,23,1,20,2016,"506799_1",3,20
2,2,12,1,20,2016,"506799_2",3,6
1,1,27,1,20,2016,"507037_1",3,20
2,2,33,1,20,2016,"507037_2",3,20
2,1,4,4,20,2016,"507157_1",2,20
1,1,11,1,20,2016,"507182_1",3,20
2,2,13,1,20,2016,"507182_2",2,20
2,1,37,1,20,2016,"507282_1",4,20
1,2,33,1,20,2016,"507282_2",3,20
1,3,65,2,20,2016,"507282_3",4,20
2,3,70,2,20,2016,"507282_4",3,20
2,3,72,2,20,2016,"507282_5",3,20
2,1,21,1,20,2016,"507303_2",3,20
1,2,22,1,20,2016,"507303_1",2,20
1,1,10,1,20,2016,"507316_1",3,20
2,2,12,1,20,2016,"507316_2",2,20
1,1,10,2,20,2016,"507319_1",2,20
1,1,32,3,20,2016,"507329_1",4,20
2,2,36,3,20,2016,"507329_5",4,20
2,1,25,1,20,2016,"507336_2",3,20
1,2,20,1,20,2016,"507336_1",3,20
1,3,58,2,20,2016,"507336_3",4,20
1,1,26,1,20,2016,"507360_1",5,20
2,2,24,1,20,2016,"507360_2",4,20
2,3,59,2,20,2016,"507360_4",5,20
1,1,21,1,2,2016,"507419_1",3,2
2,2,30,1,2,2016,"507419_2",3,2
2,1,36,4,2,2016,"507444_2",3,2
1,1,33,1,2,2016,"507541_1",3,2
2,2,39,1,2,2016,"507541_2",3,2
1,3,68,2,2,2016,"507541_3",3,2
2,3,71,2,2,2016,"507541_4",3,2
2,1,34,1,2,2016,"507542_2",4,2
1,2,35,1,2,2016,"507542_1",4,2
2,3,68,2,2,2016,"507542_4",4,2
1,1,25,1,2,2016,"507544_1",4,2
2,2,27,1,2,2016,"507544_2",5,2
2,3,65,2,2,2016,"507544_4",4,2
1,1,41,1,2,2016,"507552_1",3,2
2,2,44,1,2,2016,"507552_2",4,2
1,3,70,2,2,2016,"507552_3",3,2
2,1,4,4,2,2016,"507557_2",2,2
2,1,16,1,2,2016,"507640_2",3,2
1,2,10,1,2,2016,"507640_1",2,2
2,1,23,1,2,2016,"507644_2",2,2
1,2,23,1,2,2016,"507644_1",2,2
2,1,23,1,2,2016,"507728_1",4,2
1,2,22,1,2,2016,"507728_2",4,2
2,1,19,4,4,2016,"507823_1",5,4
1,1,13,2,4,2016,"507863_1",5,4
2,1,27,1,4,2016,"507905_2",2,4
1,2,23,1,4,2016,"507905_1",2,4
1,3,54,2,4,2016,"507905_3",4,4
2,3,57,1,4,2016,"507905_4",4,4
1,4,55,1,4,2016,"507905_5",4,4
2,4,79,2,4,2016,"507905_6",1,4
1,4,80,2,4,2016,"507905_7",1,4
2,1,32,4,4,2016,"507908_2",4,4
2,1,26,4,4,2016,"507913_1",4,4
2,3,52,2,4,2016,"507913_3",3,4
2,3,59,2,4,2016,"507913_4",3,4
2,1,18,1,4,2016,"507924_2",2,4
1,2,15,1,4,2016,"507924_1",2,4
1,3,43,2,4,2016,"507924_3",3,4
1,1,7,4,4,2016,"508305_1",2,4
1,1,22,1,4,2016,"508861_1",3,4
2,2,24,1,4,2016,"508861_2",3,4
2,1,7,1,7,2016,"509054_2",1,7
1,2,9,1,7,2016,"509054_1",2,7
2,1,31,1,7,2016,"509057_2",2,7
1,2,23,1,7,2016,"509057_1",3,7
1,3,51,2,7,2016,"509057_4",4,7
2,3,62,2,7,2016,"509057_5",4,7
2,1,6,4,7,2016,"509064_2",2,7
1,1,3,4,7,2016,"509068_1",3,7
1,1,15,1,7,2016,"509071_1",3,13
2,2,18,1,7,2016,"509071_2",2,7
2,1,4,4,7,2016,"509123_2",2,7
2,1,28,1,7,2016,"509366_2",3,7
1,2,22,1,7,2016,"509366_1",3,7
2,1,21,3,7,2016,"509550_2",5,7
1,3,53,2,7,2016,"509550_4",5,7
1,1,36,1,7,2016,"509601_1",3,7
2,2,38,1,7,2016,"509601_2",3,7
1,3,63,2,7,2016,"509601_4",3,7
2,1,35,1,7,2016,"509689_2",2,7
1,2,28,1,7,2016,"509689_1",3,7
1,3,61,2,7,2016,"509689_5",3,7
2,1,22,4,7,2016,"509717_2",2,7
1,3,45,2,7,2016,"509717_5",4,7
2,1,32,1,7,2016,"509806_2",4,7
1,2,31,1,7,2016,"509806_1",3,7
1,3,58,2,7,2016,"509806_5",5,7
1,3,63,2,7,2016,"509806_4",4,7
1,1,14,1,7,2016,"509869_1",3,7
2,2,20,1,7,2016,"509869_2",2,7
1,1,35,1,7,2016,"509889_1",3,7
2,2,36,1,7,2016,"509889_2",3,7
1,3,61,2,7,2016,"509889_3",3,7
2,1,14,4,5,2016,"510109_2",2,5
2,1,37,1,6,2016,"510239_2",3,6
1,2,39,1,6,2016,"510239_1",4,14
1,3,70,2,6,2016,"510239_4",3,5
1,1,15,1,6,2016,"510244_1",4,8
2,2,22,1,6,2016,"510244_2",5,5
1,1,13,1,6,2016,"510245_1",5,8
2,2,16,1,6,2016,"510245_2",5,6
2,1,41,3,8,2016,"510329_2",2,8
2,3,62,2,8,2016,"510329_3",3,8
1,3,69,2,8,2016,"510329_4",3,8
2,1,45,1,8,2016,"510345_2",3,8
1,2,42,1,8,2016,"510345_1",3,8
2,3,61,2,8,2016,"510345_3",4,8
1,3,66,2,8,2016,"510345_4",4,8
1,3,71,2,8,2016,"510345_5",3,8
1,1,36,1,8,2016,"510374_1",3,8
2,2,37,1,8,2016,"510374_2",3,8
1,3,76,2,8,2016,"510374_5",2,8
1,1,31,2,8,2016,"510432_3",3,8
2,4,5,4,8,2016,"510432_2",1,8
1,1,29,1,8,2016,"510433_1",3,8
2,2,28,1,8,2016,"510433_2",2,8
1,3,55,2,8,2016,"510433_4",3,8
2,3,58,2,8,2016,"510433_3",4,8
2,1,14,1,8,2016,"510634_2",4,8
1,2,1,1,8,2016,"510634_1",3,8
2,1,28,3,8,2016,"510984_2",4,10
1,1,9,1,8,2016,"511074_1",2,8
2,2,14,1,8,2016,"511074_3",2,8
1,1,23,3,9,2016,"511116_1",2,9
2,1,7,4,9,2016,"511130_2",1,9
2,1,32,1,9,2016,"511136_2",2,9
1,2,28,1,9,2016,"511136_1",2,9
2,3,67,2,9,2016,"511136_3",4,9
1,1,16,1,9,2016,"511160_1",2,9
2,2,23,1,9,2016,"511160_2",2,9
1,1,20,3,10,2016,"511260_1",5,10
1,1,4,4,10,2016,"511307_1",4,10
1,3,33,2,10,2016,"511307_3",5,10
1,1,23,1,10,2016,"511315_1",4,10
2,2,28,1,10,2016,"511315_2",3,10
1,1,29,3,10,2016,"511342_1",3,10
1,1,31,1,10,2016,"511352_1",3,10
2,2,34,1,10,2016,"511352_2",4,10
1,3,56,2,10,2016,"511352_3",5,10
2,3,61,2,10,2016,"511352_4",3,10
1,3,64,2,10,2016,"511352_5",4,10
2,1,19,4,10,2016,"511354_2",2,10
1,1,22,1,10,2016,"511355_1",2,10
2,2,25,1,10,2016,"511355_2",2,10
1,1,47,1,10,2016,"511365_1",4,10
2,2,48,1,10,2016,"511365_2",4,10
2,3,66,2,10,2016,"511365_3",4,10
2,3,72,2,10,2016,"511365_4",3,10
1,1,21,1,10,2016,"511367_1",3,10
2,2,28,1,10,2016,"511367_2",3,10
2,1,3,4,10,2016,"511416_1",1,10
1,4,59,2,10,2016,"511416_3",4,10
2,4,63,2,10,2016,"511416_4",4,10
2,1,17,1,10,2016,"511424_1",2,10
1,2,13,1,10,2016,"511424_2",2,10
2,1,10,1,10,2016,"511431_2",3,10
1,2,10,1,10,2016,"511431_1",3,10
1,1,7,1,10,2016,"511435_1",2,10
2,2,8,1,10,2016,"511435_2",2,10
1,1,29,1,11,2016,"511474_1",5,11
2,2,35,1,11,2016,"511474_2",4,11
1,3,65,2,11,2016,"511474_5",3,11
1,3,56,2,11,2016,"511474_3",4,11
2,1,11,4,11,2016,"511491_2",2,11
1,3,48,2,11,2016,"511491_6",3,11
1,1,8,4,11,2016,"511494_1",2,11
